-- phpMyAdmin SQL Dump
-- version 4.0.4.1
-- http://www.phpmyadmin.net
--
-- Host: 127.0.0.1
-- Generation Time: Mar 31, 2016 at 11:02 AM
-- Server version: 5.6.11
-- PHP Version: 5.5.1

SET SQL_MODE = "NO_AUTO_VALUE_ON_ZERO";
SET time_zone = "+00:00";


/*!40101 SET @OLD_CHARACTER_SET_CLIENT=@@CHARACTER_SET_CLIENT */;
/*!40101 SET @OLD_CHARACTER_SET_RESULTS=@@CHARACTER_SET_RESULTS */;
/*!40101 SET @OLD_COLLATION_CONNECTION=@@COLLATION_CONNECTION */;
/*!40101 SET NAMES utf8 */;

--
-- Database: `shubhvivah`
--
CREATE DATABASE IF NOT EXISTS `shubhvivah` DEFAULT CHARACTER SET latin1 COLLATE latin1_swedish_ci;
USE `shubhvivah`;

-- --------------------------------------------------------

--
-- Table structure for table `adminregister`
--

CREATE TABLE IF NOT EXISTS `adminregister` (
  `admin_id` int(11) NOT NULL AUTO_INCREMENT,
  `name` text NOT NULL,
  `password` varchar(100) NOT NULL,
  `email` varchar(100) NOT NULL,
  `question` text NOT NULL,
  `answer` text NOT NULL,
  PRIMARY KEY (`admin_id`)
) ENGINE=InnoDB  DEFAULT CHARSET=latin1 AUTO_INCREMENT=6 ;

--
-- Dumping data for table `adminregister`
--

INSERT INTO `adminregister` (`admin_id`, `name`, `password`, `email`, `question`, `answer`) VALUES
(1, 'admin', 'admin', 'gargricha42@yahoo.in', 'In which city you born', 'bhopal'),
(2, 'garg', 'jaygajanan', 'gargpinki9@gmail.com', 'Your favorite fruit', 'mango'),
(3, 'richa admin', 'gargricha', 'gargricha42@yahoo.in', 'Your favorite city', 'bhopal'),
(4, 'adminricha', 'jaygajanan', 'abc@gmail.com', 'In which city your father born', 'bhopal'),
(5, 'sanjay', '12345', 'sanjay@gmail.com', 'In which city you born', 'jaipur');

-- --------------------------------------------------------

--
-- Table structure for table `cities`
--

CREATE TABLE IF NOT EXISTS `cities` (
  `CityID` bigint(20) NOT NULL AUTO_INCREMENT,
  `CountryID` bigint(20) NOT NULL DEFAULT '0',
  `City` varchar(250) DEFAULT NULL,
  PRIMARY KEY (`CityID`)
) ENGINE=MyISAM  DEFAULT CHARSET=latin1 AUTO_INCREMENT=706 ;

--
-- Dumping data for table `cities`
--

INSERT INTO `cities` (`CityID`, `CountryID`, `City`) VALUES
(1, 1, 'Agra'),
(2, 1, 'Ahmedabad'),
(3, 1, 'Allahabad'),
(4, 1, 'B.R Hills'),
(5, 1, 'Bangalore'),
(6, 1, 'Baroda'),
(7, 1, 'Bhopal'),
(8, 1, 'Bhubaneswar'),
(9, 1, 'Bodhgaya'),
(10, 1, 'Calicut'),
(11, 1, 'Chennai'),
(12, 1, 'Chotanagpur'),
(13, 1, 'Coimbatore'),
(14, 1, 'Dispur'),
(15, 1, 'Ernakulam'),
(16, 1, 'Gandhi Nagar'),
(17, 1, 'Gwalior'),
(18, 1, 'Hyderabad'),
(19, 1, 'Imphal'),
(20, 1, 'Indore'),
(21, 1, 'Itanagar'),
(22, 1, 'Jaipur'),
(23, 1, 'Jhansi'),
(24, 1, 'Kanpur'),
(25, 1, 'Kanya Kumari'),
(26, 1, 'Karur'),
(27, 1, 'Kochi'),
(28, 1, 'Kolkata'),
(29, 1, 'Lucknow'),
(30, 1, 'Ludhiana'),
(31, 1, 'Mandi'),
(32, 1, 'Mangalore'),
(33, 1, 'Meerut'),
(34, 1, 'Mumbai'),
(35, 1, 'Mysore'),
(36, 1, 'Nagpur'),
(37, 1, 'Nashik'),
(38, 1, 'New Delhi'),
(39, 1, 'Panaji'),
(40, 1, 'Patna'),
(41, 1, 'Pune'),
(42, 1, 'Ranchi'),
(43, 1, 'Shillong'),
(44, 1, 'Shimla'),
(45, 1, 'Srinagar'),
(46, 1, 'Thane'),
(47, 1, 'Thiruvananthapuram'),
(48, 1, 'Tiruchirapalli'),
(49, 1, 'Udaipur'),
(50, 1, 'Vidisha'),
(51, 1, 'Vishakapatnam'),
(52, 2, 'Akron'),
(53, 2, 'Albuquerque'),
(54, 2, 'Anaheim'),
(55, 2, 'Anchorage'),
(56, 2, 'Arlington'),
(57, 2, 'Arlington'),
(58, 2, 'Atlanta'),
(59, 2, 'Augusta-Richmond'),
(60, 2, 'Aurora'),
(61, 2, 'Austin'),
(62, 2, 'Bakersfield'),
(63, 2, 'Baltimore'),
(64, 2, 'Baton Rouge'),
(65, 2, 'Birmingham'),
(66, 2, 'Boise'),
(67, 2, 'Boston'),
(68, 2, 'Buffalo'),
(69, 2, 'Charlotte'),
(70, 2, 'Chesapeake'),
(71, 2, 'Chicago'),
(72, 2, 'Cincinnati'),
(73, 2, 'Cleveland'),
(74, 2, 'Colorado Springs'),
(75, 2, 'Columbus'),
(76, 2, 'Corpus Christi'),
(77, 2, 'Dallas'),
(78, 2, 'Denver'),
(79, 2, 'Des Moines'),
(80, 2, 'Detroit'),
(81, 2, 'Durham'),
(82, 2, 'El Paso'),
(83, 2, 'Fort Wayne'),
(84, 2, 'Fort Worth'),
(85, 2, 'Fremont'),
(86, 2, 'Fresno'),
(87, 2, 'Garland'),
(88, 2, 'Glendale'),
(89, 2, 'Glendale'),
(90, 2, 'Grand Rapids'),
(91, 2, 'Greensboro'),
(92, 2, 'Hialeah'),
(93, 2, 'Honolulu'),
(94, 2, 'Houston'),
(95, 2, 'Huntington Beach'),
(96, 2, 'Indianapolis'),
(97, 2, 'Irving'),
(98, 2, 'Jersey City'),
(99, 2, 'Kansas City'),
(100, 2, 'Las Vegas'),
(101, 2, 'Lexington-Fayette'),
(102, 2, 'Lincoln'),
(103, 2, 'Long Beach'),
(104, 2, 'Los Angeles'),
(105, 2, 'Louisville'),
(106, 2, 'Lubbock'),
(107, 2, 'Madison'),
(108, 2, 'Mesa'),
(109, 2, 'Milwaukee'),
(110, 2, 'Minneapolis'),
(111, 2, 'Mobile'),
(112, 2, 'Modesto'),
(113, 2, 'Montgomery'),
(114, 2, 'New Orleans'),
(115, 2, 'New York'),
(116, 2, 'Newark'),
(117, 2, 'Norfolk'),
(118, 2, 'Oakland'),
(119, 2, 'Oklahoma City'),
(120, 2, 'Omaha'),
(121, 2, 'Other cities in USA'),
(122, 2, 'Philadelphia'),
(123, 2, 'Phoenix'),
(124, 2, 'Pittsburgh'),
(125, 2, 'Plano'),
(126, 2, 'Portland'),
(127, 2, 'Raleigh'),
(128, 2, 'Richmond)'),
(129, 2, 'Riverside'),
(130, 2, 'Rochester'),
(131, 2, 'Sacramento'),
(132, 2, 'San Antonio'),
(133, 2, 'San Diego'),
(134, 2, 'San Francisco'),
(135, 2, 'San Jose'),
(136, 2, 'Santa Ana)'),
(137, 2, 'Scottsdale'),
(138, 2, 'Seattle'),
(139, 2, 'Shreveport'),
(140, 2, 'Spokane'),
(141, 2, 'St.Louis'),
(142, 2, 'St.Paul'),
(143, 2, 'Stockton'),
(144, 2, 'Tacoma'),
(145, 2, 'Toledo'),
(146, 2, 'Tucson'),
(147, 2, 'Tulsa'),
(148, 2, 'Virginia Beach'),
(149, 2, 'Washington'),
(150, 2, 'Wichita'),
(151, 2, 'Winston-Salem'),
(152, 2, 'Yonkers'),
(153, 3, 'Birmingham'),
(154, 3, 'Bristol'),
(155, 3, 'Glasgow'),
(156, 3, 'Leeds'),
(157, 3, 'Liverpool'),
(158, 3, 'London'),
(159, 3, 'Manchester'),
(160, 3, 'Newcastle'),
(161, 3, 'Nottingham'),
(162, 3, 'Sheffield'),
(163, 4, 'Calgary'),
(164, 4, 'Edmonton'),
(165, 4, 'Hamilton'),
(166, 4, 'Kitchener'),
(167, 4, 'London'),
(168, 4, 'Montréal'),
(169, 4, 'Ottawa'),
(170, 4, 'Québec'),
(171, 4, 'St.Catharines'),
(172, 4, 'Toronto'),
(173, 4, 'Vancouver'),
(174, 4, 'Victoria'),
(175, 4, 'Winnipeg'),
(176, 5, 'Adelaide'),
(177, 5, 'Brisbane'),
(178, 5, 'Canberra'),
(179, 5, 'Geelong'),
(180, 5, 'Gold Coast'),
(181, 5, 'Gosford'),
(182, 5, 'Hobart'),
(183, 5, 'Melbourne'),
(184, 5, 'Newcastle'),
(185, 5, 'Perth'),
(186, 5, 'Sunshine Coast'),
(187, 5, 'Sydney'),
(188, 5, 'Townsville'),
(189, 5, 'Wollongong'),
(190, 6, 'Amsterdam'),
(191, 6, 'Athinai (Athens)'),
(192, 6, 'Barcelona'),
(193, 6, 'Barnaul'),
(194, 6, 'Beograd (Belgrade)'),
(195, 6, 'Berlin'),
(196, 6, 'Bremen'),
(197, 6, 'Bucuresti (Bucharest)'),
(198, 6, 'Budapest'),
(199, 6, 'Chelyabinsk'),
(200, 6, 'Dnepropetrovsk'),
(201, 6, 'Donetsk'),
(202, 6, 'Dortmund'),
(203, 6, 'Duisburg'),
(204, 6, 'Düsseldorf'),
(205, 6, 'Ekaterinoburg'),
(206, 6, 'Essen'),
(207, 6, 'Frankfurt'),
(208, 6, 'Genova'),
(209, 6, 'Hamburg'),
(210, 6, 'Hannover'),
(211, 6, 'Helsinki'),
(212, 6, 'Irkutsk'),
(213, 6, 'Izhevsk'),
(214, 6, 'Kazan'),
(215, 6, 'Kemerovo'),
(216, 6, 'Khabarovsk'),
(217, 6, 'Kharkov'),
(218, 6, 'Kiev'),
(219, 6, 'Kishinev'),
(220, 6, 'Kobenhavn (Copenhagen)'),
(221, 6, 'Köln (Cologne)'),
(222, 6, 'Kraków'),
(223, 6, 'Krasnodar'),
(224, 6, 'Krasnoyarsk'),
(225, 6, 'Kryvy Rig'),
(226, 6, 'Lipetsk'),
(227, 6, 'Lisboa (Lisbon)'),
(228, 6, 'Lódz'),
(229, 6, 'Lvov'),
(230, 6, 'Madrid'),
(231, 6, 'Málaga'),
(232, 6, 'Marseille'),
(233, 6, 'Milano (Milan)'),
(234, 6, 'Minsk'),
(235, 6, 'Moskva (Moscow)'),
(236, 6, 'München (Munich)'),
(237, 6, 'Mykolaiv'),
(238, 6, 'Naberezhnye Tchelny'),
(239, 6, 'Napoli (Naples)'),
(240, 6, 'Nizhny Novgorod'),
(241, 6, 'Novokuznetsk'),
(242, 6, 'Novosibirsk'),
(243, 6, 'Odessa'),
(244, 6, 'Omsk'),
(245, 6, 'Orenburg'),
(246, 6, 'Oslo'),
(247, 6, 'Palermo'),
(248, 6, 'Paris'),
(249, 6, 'Penza'),
(250, 6, 'Perm'),
(251, 6, 'Poznan'),
(252, 6, 'Praha (Prague)'),
(253, 6, 'Riga'),
(254, 6, 'Roma'),
(255, 6, 'Rostov-na-Donu'),
(256, 6, 'Rotterdam'),
(257, 6, 'Ryazan'),
(258, 6, 'Salonika'),
(259, 6, 'Samara'),
(260, 6, 'Sarajevo'),
(261, 6, 'Saratov'),
(262, 6, 'Sevilla'),
(263, 6, 'Sofia'),
(264, 6, 'St Petersburg'),
(265, 6, 'Stockholm'),
(266, 6, 'Stuttgart'),
(267, 6, 'Tolyatti'),
(268, 6, 'Torino (Turin)'),
(269, 6, 'Tula'),
(270, 6, 'Tyumen'),
(271, 6, 'Ufa'),
(272, 6, 'Ulyanovsk'),
(273, 6, 'Valencia'),
(274, 6, 'VILNIUS'),
(275, 6, 'Vladivostok'),
(276, 6, 'Volgograd'),
(277, 6, 'Voronezh'),
(278, 6, 'Warszawa (Warsaw)'),
(279, 6, 'Wien (Vienna)'),
(280, 6, 'Wroclaw (Breslau)'),
(281, 6, 'Yaroslave'),
(282, 6, 'Zagreb'),
(283, 6, 'Zaporozhye'),
(284, 6, 'Zaragoza'),
(285, 7, 'Aden'),
(286, 7, 'Agra'),
(287, 7, 'Ahmadãbãd'),
(288, 7, 'Almaty'),
(289, 7, 'Ambon'),
(290, 7, 'Anadyr'),
(291, 7, 'Ankara'),
(292, 7, 'Anshan'),
(293, 7, 'Aqtau'),
(294, 7, 'Aqtobe'),
(295, 7, 'Ashgabat'),
(296, 7, 'Astana'),
(297, 7, 'Baku'),
(298, 7, 'Balikpapan'),
(299, 7, 'Bandar Seri Begawan'),
(300, 7, 'Bandung'),
(301, 7, 'Bangalore'),
(302, 7, 'Bangkok'),
(303, 7, 'Banjarmasin'),
(304, 7, 'Baotou'),
(305, 7, 'Barisal'),
(306, 7, 'Basra'),
(307, 7, 'Beijing'),
(308, 7, 'Bethlehem'),
(309, 7, 'Bhopal'),
(310, 7, 'Bhubaneshwar'),
(311, 7, 'Bishkek'),
(312, 7, 'Bogor'),
(313, 7, 'Canton'),
(314, 7, 'Cebu City'),
(315, 7, 'Changchun'),
(316, 7, 'Changsha'),
(317, 7, 'Chelyabinsk'),
(318, 7, 'Chengdu'),
(319, 7, 'Chennai'),
(320, 7, 'Chittagong'),
(321, 7, 'Choibalsan'),
(322, 7, 'Chongqing'),
(323, 7, 'Cirebon'),
(324, 7, 'Colombo'),
(325, 7, 'Comilla'),
(326, 7, 'Delhi'),
(327, 7, 'Denpasar'),
(328, 7, 'Dhaka'),
(329, 7, 'Dili'),
(330, 7, 'Doha'),
(331, 7, 'Dushanbe'),
(332, 7, 'Endeh'),
(333, 7, 'Esfahãn'),
(334, 7, 'Faisalabad'),
(335, 7, 'Foochow'),
(336, 7, 'Fukuoka'),
(337, 7, 'Fushun'),
(338, 7, 'George Town'),
(339, 7, 'Guiyang'),
(340, 7, 'Hangzhou'),
(341, 7, 'Hanoi'),
(342, 7, 'Harbin'),
(343, 7, 'Hilla'),
(344, 7, 'Hiroshima'),
(345, 7, 'Ho Chi Minh'),
(346, 7, 'Hong Kong'),
(347, 7, 'Hovd'),
(348, 7, 'Hyderãbãd'),
(349, 7, 'Incheon'),
(350, 7, 'Indore'),
(351, 7, 'Irbil'),
(352, 7, 'Islamabad'),
(353, 7, 'Jaipur'),
(354, 7, 'Jakarta'),
(355, 7, 'Jambi'),
(356, 7, 'Jayapura'),
(357, 7, 'Jeddah'),
(358, 7, 'Jessore'),
(359, 7, 'Jilin'),
(360, 7, 'Jinan'),
(361, 7, 'Jinzhou'),
(362, 7, 'Kabul'),
(363, 7, 'Kamchatka'),
(364, 7, 'Kãnpur'),
(365, 7, 'Kaohsiung'),
(366, 7, 'Karachi'),
(367, 7, 'Karbala'),
(368, 7, 'Kathmandu'),
(369, 7, 'Kawasaki'),
(370, 7, 'Kediri'),
(371, 7, 'Khon Kaen'),
(372, 7, 'Khulna'),
(373, 7, 'Kirkuk'),
(374, 7, 'Kitakyushu'),
(375, 7, 'Kobe'),
(376, 7, 'Kolkata'),
(377, 7, 'Kowloon'),
(378, 7, 'Krasnoyarsk'),
(379, 7, 'Kuala Lumpur'),
(380, 7, 'Kudus'),
(381, 7, 'Kunming'),
(382, 7, 'Kupang'),
(383, 7, 'Kyoto'),
(384, 7, 'Lahore'),
(385, 7, 'Lanchow'),
(386, 7, 'Lhasa'),
(387, 7, 'Lucknow'),
(388, 7, 'Lüda'),
(389, 7, 'Ludhiana'),
(390, 7, 'Luoyang'),
(391, 7, 'Macau'),
(392, 7, 'Madiun'),
(393, 7, 'Madurai'),
(394, 7, 'Makassar'),
(395, 7, 'Makkah'),
(396, 7, 'Malang'),
(397, 7, 'Manado'),
(398, 7, 'Manama'),
(399, 7, 'Manila'),
(400, 7, 'Mashhad'),
(401, 7, 'Mataram'),
(402, 7, 'Medan'),
(403, 7, 'Mosul'),
(404, 7, 'Mumbai'),
(405, 7, 'Muscat'),
(406, 7, 'Mymensingh'),
(407, 7, 'Nagoya'),
(408, 7, 'Nãgpur'),
(409, 7, 'Naha'),
(410, 7, 'Najaf'),
(411, 7, 'Nanchang'),
(412, 7, 'Nasiriya'),
(413, 7, 'New Delhi'),
(414, 7, 'Nicosia'),
(415, 7, 'Novosibirsk'),
(416, 7, 'Okayama'),
(417, 7, 'Omsk'),
(418, 7, 'Osaka'),
(419, 7, 'Pabna'),
(420, 7, 'Padang'),
(421, 7, 'Palembang'),
(422, 7, 'Patna'),
(423, 7, 'Pattaya'),
(424, 7, 'Pekalongan'),
(425, 7, 'Pekanbaru'),
(426, 7, 'Pematangsiantar'),
(427, 7, 'Perm'),
(428, 7, 'Peshawar'),
(429, 7, 'Phnom Penh'),
(430, 7, 'Phuket'),
(431, 7, 'Port Blair'),
(432, 7, 'Port-aux-Francais'),
(433, 7, 'Pune'),
(434, 7, 'Pusan'),
(435, 7, 'Pyongyang'),
(436, 7, 'Qiqihar'),
(437, 7, 'Raba'),
(438, 7, 'Saidpur'),
(439, 7, 'Samarinda'),
(440, 7, 'Sana'),
(441, 7, 'Sapporo'),
(442, 7, 'Semarang'),
(443, 7, 'Sendai'),
(444, 7, 'Seoul'),
(445, 7, 'Seremban'),
(446, 7, 'Shanghai'),
(447, 7, 'Shenzhen'),
(448, 7, 'Shijiazhuang'),
(449, 7, 'Shillong'),
(450, 7, 'Sialkot'),
(451, 7, 'Sian'),
(452, 7, 'Singapore'),
(453, 7, 'Singaraja'),
(454, 7, 'Sulaimaniya'),
(455, 7, 'Surabaya'),
(456, 7, 'Surakarta'),
(457, 7, 'Surat'),
(458, 7, 'Sylhet'),
(459, 7, 'Tabriz'),
(460, 7, 'Taegu'),
(461, 7, 'Taichung'),
(462, 7, 'Taipei'),
(463, 7, 'Taiyuan'),
(464, 7, 'Tangshan'),
(465, 7, 'Tanjungkarang'),
(466, 7, 'Tashkent'),
(467, 7, 'Tasikmalaya'),
(468, 7, 'Tbilisi'),
(469, 7, 'Tegal'),
(470, 7, 'Ternate'),
(471, 7, 'The Settlement'),
(472, 7, 'Thimphu'),
(473, 7, 'Tianjin'),
(474, 7, 'Tokyo'),
(475, 7, 'Tsingtao'),
(476, 7, 'Ufa'),
(477, 7, 'Ulaanbaatar'),
(478, 7, 'Urümqi'),
(479, 7, 'Vadodara'),
(480, 7, 'Varanasi'),
(481, 7, 'Vientiane'),
(482, 7, 'Vishakhapatnam'),
(483, 7, 'Vladivostok'),
(484, 7, 'Wuhan'),
(485, 7, 'Yangon'),
(486, 7, 'Yekaterinburg'),
(487, 7, 'Yerevan'),
(488, 7, 'Yogyakarta'),
(489, 7, 'Yokohama'),
(490, 7, 'Yuzhno-Sakhalinsk'),
(491, 7, 'Zhengzhou'),
(492, 7, 'Zibo'),
(493, 8, 'Abu Dhabi'),
(494, 8, 'Aleppo'),
(495, 8, 'Amman'),
(496, 8, 'Baghdad'),
(497, 8, 'Beirut'),
(498, 8, 'Cairo'),
(499, 8, 'Dahab'),
(500, 8, 'Damascus'),
(501, 8, 'Dhahran'),
(502, 8, 'Dubai'),
(503, 8, 'Gaza'),
(504, 8, 'Haifa'),
(505, 8, 'Istanbul'),
(506, 8, 'Jerusalem'),
(507, 8, 'Kuwait'),
(508, 8, 'Mecca'),
(509, 8, 'Nukus'),
(510, 8, 'Riyadh'),
(511, 8, 'Tehran'),
(512, 8, 'Tel Aviv'),
(513, 9, 'Abidjan'),
(514, 9, 'Abuja'),
(515, 9, 'Accra'),
(516, 9, 'Addis Ababa'),
(517, 9, 'Al Jizah'),
(518, 9, 'Alexandria'),
(519, 9, 'Algiers'),
(520, 9, 'Antananarivo'),
(521, 9, 'Asmara'),
(522, 9, 'Bamako'),
(523, 9, 'Bangui'),
(524, 9, 'Banjul'),
(525, 9, 'Bissau'),
(526, 9, 'Brazzaville'),
(527, 9, 'Bujumbura'),
(528, 9, 'Cairo'),
(529, 9, 'Cape Town'),
(530, 9, 'Casablanca'),
(531, 9, 'Conakry'),
(532, 9, 'Dakar'),
(533, 9, 'Dar es Salaam'),
(534, 9, 'Djibouti'),
(535, 9, 'Dodoma'),
(536, 9, 'El Aaiún'),
(537, 9, 'Freetown'),
(538, 9, 'Gaborone'),
(539, 9, 'Harare'),
(540, 9, 'Jamestown'),
(541, 9, 'Johannesburg'),
(542, 9, 'Kampala'),
(543, 9, 'Kano Nigeria'),
(544, 9, 'Khartoum'),
(545, 9, 'Kigali'),
(546, 9, 'Kinshasa'),
(547, 9, 'Lagos'),
(548, 9, 'Libreville'),
(549, 9, 'Lilongwe'),
(550, 9, 'Lome'),
(551, 9, 'Luanda'),
(552, 9, 'Lubumbashi'),
(553, 9, 'Lusaka'),
(554, 9, 'Malabo'),
(555, 9, 'Mamoutzou'),
(556, 9, 'Maputo'),
(557, 9, 'Maseru'),
(558, 9, 'Mbabane'),
(559, 9, 'Mogadishu'),
(560, 9, 'Monrovia'),
(561, 9, 'Moroni'),
(562, 9, 'Nairobi'),
(563, 9, 'Ndjamena'),
(564, 9, 'Niamey'),
(565, 9, 'Nouakchott'),
(566, 9, 'Ouagadougou'),
(567, 9, 'Port Louis'),
(568, 9, 'Porto Novo'),
(569, 9, 'Praia'),
(570, 9, 'Pretoria'),
(571, 9, 'Rabat'),
(572, 9, 'Saint-Denis'),
(573, 9, 'São Tomé'),
(574, 9, 'Tanger'),
(575, 9, 'Tripoli'),
(576, 9, 'Tunis'),
(577, 9, 'Victoria'),
(578, 9, 'Windhoek'),
(579, 9, 'Yamoussoukro'),
(580, 9, 'Yaoundé'),
(581, 10, 'Abaco'),
(582, 10, 'Antigua'),
(583, 10, 'Aruba'),
(584, 10, 'Barbados'),
(585, 10, 'Bermuda'),
(586, 10, 'Bridgetown'),
(587, 10, 'Fort de France'),
(588, 10, 'Freeport'),
(589, 10, 'George Town'),
(590, 10, 'Grenada'),
(591, 10, 'Hamilton'),
(592, 10, 'Havana'),
(593, 10, 'Kingston'),
(594, 10, 'Montego Bay'),
(595, 10, 'Nassau'),
(596, 10, 'Nassau'),
(597, 10, 'Negril'),
(598, 10, 'Ocho Rios'),
(599, 10, 'Paradise Island'),
(600, 10, 'Pointe Pitre'),
(601, 10, 'Ponce'),
(602, 10, 'Port of Spain'),
(603, 10, 'Port-au-Prince'),
(604, 10, 'San Juan'),
(605, 10, 'Santo Domingo'),
(606, 10, 'St.Croix'),
(607, 10, 'St.George'),
(608, 10, 'St.Kitts'),
(609, 10, 'St.Lucia'),
(610, 10, 'St.Thomas'),
(611, 10, 'Tortola'),
(612, 10, 'Trinidad and Tobago'),
(613, 10, 'Varadero'),
(614, 11, 'Adamstown'),
(615, 11, 'Alofi'),
(616, 11, 'Apia'),
(617, 11, 'Auckland'),
(618, 11, 'Chatham Island'),
(619, 11, 'Christchurch'),
(620, 11, 'Funafuti'),
(621, 11, 'Gambier Islands'),
(622, 11, 'Honiara'),
(623, 11, 'Kingston (Au)'),
(624, 11, 'Kiritimati'),
(625, 11, 'Kolonia'),
(626, 11, 'Koror'),
(627, 11, 'Lord Howe Island'),
(628, 11, 'Majuro'),
(629, 11, 'Makwa'),
(630, 11, 'Mata-Utu'),
(631, 11, 'Noumea'),
(632, 11, 'Nukualofa'),
(633, 11, 'Pago Pago'),
(634, 11, 'Palikir'),
(635, 11, 'Papeete'),
(636, 11, 'Port Moresby'),
(637, 11, 'Port Vila'),
(638, 11, 'Rarotonga'),
(639, 11, 'Rawaki'),
(640, 11, 'Suva'),
(641, 11, 'Taiohae'),
(642, 11, 'Tarawa'),
(643, 11, 'Wellington'),
(644, 12, 'Arequipa'),
(645, 12, 'Asuncion'),
(646, 12, 'Barquisimeto'),
(647, 12, 'Barranquilla'),
(648, 12, 'Belém'),
(649, 12, 'Belo Horizonte'),
(650, 12, 'Boa Vista'),
(651, 12, 'Bogota'),
(652, 12, 'Brasilia'),
(653, 12, 'Bucaramanga'),
(654, 12, 'Buenos Aires'),
(655, 12, 'Cali'),
(656, 12, 'Campinas'),
(657, 12, 'Caracas'),
(658, 12, 'Cartagena'),
(659, 12, 'Cayenne'),
(660, 12, 'Córdoba'),
(661, 12, 'Cúcuta'),
(662, 12, 'Curitiba'),
(663, 12, 'Easter Island'),
(664, 12, 'Fernando de Noronha'),
(665, 12, 'Fortaleza'),
(666, 12, 'Galapagos Islands'),
(667, 12, 'Georgetown'),
(668, 12, 'Goiânia'),
(669, 12, 'Guayaquil'),
(670, 12, 'La Paz'),
(671, 12, 'La Plata'),
(672, 12, 'Lima'),
(673, 12, 'Maceió'),
(674, 12, 'Manaus'),
(675, 12, 'Manizales'),
(676, 12, 'Mar del Plata'),
(677, 12, 'Maracaibo'),
(678, 12, 'Maracay'),
(679, 12, 'Medellin'),
(680, 12, 'Mendoza'),
(681, 12, 'Montevideo'),
(682, 12, 'Natal'),
(683, 12, 'Niterói'),
(684, 12, 'Oranjestad'),
(685, 12, 'Paramaribo'),
(686, 12, 'Port of Spain'),
(687, 12, 'Porto Alegre'),
(688, 12, 'Pôrto Velho'),
(689, 12, 'Quito'),
(690, 12, 'Recife'),
(691, 12, 'Rio Branco'),
(692, 12, 'Rio de Janeiro'),
(693, 12, 'Rosario'),
(694, 12, 'Salta'),
(695, 12, 'Salvador'),
(696, 12, 'Santa Cruz'),
(697, 12, 'Santa Fe'),
(698, 12, 'Santiago'),
(699, 12, 'Santos'),
(700, 12, 'Sao Paulo'),
(701, 12, 'Stanley'),
(702, 12, 'Tucumán'),
(703, 12, 'Valencia'),
(704, 12, 'Valparaíso'),
(705, 12, 'Vitória');

-- --------------------------------------------------------

--
-- Table structure for table `community`
--

CREATE TABLE IF NOT EXISTS `community` (
  `community_id` int(11) NOT NULL AUTO_INCREMENT,
  `community_name` text NOT NULL,
  PRIMARY KEY (`community_id`)
) ENGINE=InnoDB DEFAULT CHARSET=latin1 AUTO_INCREMENT=1 ;

-- --------------------------------------------------------

--
-- Table structure for table `countries`
--

CREATE TABLE IF NOT EXISTS `countries` (
  `CountryID` bigint(20) NOT NULL AUTO_INCREMENT,
  `Country` varchar(250) DEFAULT NULL,
  PRIMARY KEY (`CountryID`)
) ENGINE=MyISAM  DEFAULT CHARSET=latin1 AUTO_INCREMENT=13 ;

--
-- Dumping data for table `countries`
--

INSERT INTO `countries` (`CountryID`, `Country`) VALUES
(1, 'India'),
(2, 'USA'),
(3, 'UK'),
(4, 'Canada'),
(5, 'Australia'),
(6, 'Europe'),
(7, 'Asia'),
(8, 'Middle East'),
(9, 'Africa'),
(10, 'Caribbean'),
(11, 'Oceania'),
(12, 'South America');

-- --------------------------------------------------------

--
-- Table structure for table `create_profile`
--

CREATE TABLE IF NOT EXISTS `create_profile` (
  `user_id` int(11) NOT NULL,
  `culture` text NOT NULL,
  `education` text NOT NULL,
  `education_faild` varchar(200) NOT NULL,
  `profession` text NOT NULL,
  `income` int(100) NOT NULL,
  `working` varchar(50) NOT NULL,
  `state` varchar(50) NOT NULL,
  `city` varchar(50) NOT NULL,
  `phone_no` varchar(20) NOT NULL,
  `phone_privacy` varchar(50) NOT NULL,
  `about_us` varchar(200) NOT NULL,
  PRIMARY KEY (`user_id`)
) ENGINE=InnoDB DEFAULT CHARSET=latin1;

--
-- Dumping data for table `create_profile`
--

INSERT INTO `create_profile` (`user_id`, `culture`, `education`, `education_faild`, `profession`, `income`, `working`, `state`, `city`, `phone_no`, `phone_privacy`, `about_us`) VALUES
(0, 'Bihari', '3', '12th', 'Engineer', 1234, 'private', 'Andhra Pradesh', 'Allahabad', '1234567890', 'protected', 'hghghghghhg'),
(1, 'Kashmiri', 'post graduate', '', 'student', 0, '', '', '', '0', '', ''),
(25, 'Hindi', '1', 'M.C.A', 'Engineer', 10000, 'private', 'Uttar Pradesh', 'Lucknow', '2147483647', 'protected', 'hay dear'),
(26, '', '1', 'M.C.A', 'others', 0, 'private', 'Rajasthan', 'Jaipur', '2147483647', 'protected', 'hsakh'),
(27, 'Rajsthani', '1', 'M.C.A', 'Employer', 200000, 'private', 'Rajasthan', 'Jaipur', '2147483647', 'public', 'Smart and educated'),
(28, '', '1', 'M.C.A', 'Engineer', 200000, 'private', 'Uttar Pradesh', 'Mangalore', '2147483647', 'protected', 'hay dear'),
(29, 'Himachali', '3', '12th', 'Engineer', 1234, 'private', 'Uttar Pradesh', 'Lucknow', '1234567890', 'protected', 'jsfjfgdfsgggh'),
(30, 'Bihari', '1', 'M.C.A', 'Engineer', 200000, 'private', 'Bihar', 'Itanagar', '1234567890', 'public', 'hay i m smast.'),
(31, 'Hindi', '1', 'M.C.A', 'Engineer', 10000, 'private', 'Rajasthan', 'Jaipur', '2147483647', 'protected', 'i m smart girl.'),
(32, 'Hindi', '1', 'M.C.A', 'Engineer', 10000, 'private', 'Uttar Pradesh', 'Lucknow', '2147483647', 'protected', 'i m smart'),
(33, 'Rajasthani', '1', 'M.C.A', 'Scientist', 200000, 'Government', 'Rajasthan', 'Jaipur', '2147483647', 'public', 'hay i m cute...'),
(34, 'Himachali', '1', 'M.C.A', 'Engineer', 1234, 'private', 'Uttar Pradesh', 'Lucknow', '2147483647', 'protected', 'i m smart'),
(35, 'Hindi', '1', 'M.C.A', 'Engineer', 5000, 'private', 'Uttar Pradesh', 'Lucknow', '2147483647', 'protected', 'i m smart & educated...'),
(36, 'Rajasthani', '2', 'B.H.M.C.T', 'Engineer', 200000, 'private', 'Andhra Pradesh', 'Ahmedabad', '8386948226', 'public', 'hay');

-- --------------------------------------------------------

--
-- Table structure for table `education`
--

CREATE TABLE IF NOT EXISTS `education` (
  `id` int(11) NOT NULL AUTO_INCREMENT,
  `ed_name` text NOT NULL,
  PRIMARY KEY (`id`)
) ENGINE=InnoDB  DEFAULT CHARSET=latin1 AUTO_INCREMENT=6 ;

--
-- Dumping data for table `education`
--

INSERT INTO `education` (`id`, `ed_name`) VALUES
(1, 'Post Graduate'),
(2, 'Under Graduate'),
(3, '12th'),
(4, '10th'),
(5, 'others');

-- --------------------------------------------------------

--
-- Table structure for table `education_field`
--

CREATE TABLE IF NOT EXISTS `education_field` (
  `field_id` int(11) NOT NULL,
  `id` int(11) NOT NULL,
  `field_name` text NOT NULL,
  PRIMARY KEY (`field_id`)
) ENGINE=InnoDB DEFAULT CHARSET=latin1;

--
-- Dumping data for table `education_field`
--

INSERT INTO `education_field` (`field_id`, `id`, `field_name`) VALUES
(101, 1, 'M.C.A'),
(102, 1, 'M.Sc'),
(103, 1, 'M.B.A'),
(104, 1, 'M.COM'),
(105, 1, 'M.PHIL'),
(106, 1, 'M.A'),
(107, 1, 'M.TECH'),
(108, 1, 'L.L.M'),
(109, 1, 'M.B.B.S'),
(110, 1, 'M.L.S'),
(111, 1, 'M.LIB'),
(112, 1, 'M.C.J'),
(113, 1, 'M.S.W'),
(114, 1, 'M.P.ED'),
(201, 2, 'B.H.M.C.T'),
(202, 2, 'B.L.Sc'),
(203, 2, 'B.A.S'),
(204, 2, 'B.Arch'),
(205, 2, 'B.A'),
(206, 2, 'B.Ed'),
(207, 2, 'L.L.B'),
(208, 2, 'B.A.S.L.P'),
(209, 2, 'B.A.M.S'),
(210, 2, 'B.B.A'),
(211, 2, 'B.COM'),
(212, 2, 'B.C.A'),
(213, 2, 'B.E'),
(214, 2, 'B.TECH'),
(215, 2, 'B.F.A'),
(216, 2, 'B.H.M.S'),
(217, 2, 'B.H.M.T'),
(218, 2, 'B.H.M'),
(219, 2, 'B.L.M'),
(220, 2, 'B.P.T'),
(221, 2, 'B.SC'),
(222, 2, 'B.S.W'),
(223, 2, 'B.S.L.A'),
(224, 2, 'U.G.T'),
(301, 3, '12th'),
(401, 4, '10th'),
(501, 5, 'others');

-- --------------------------------------------------------

--
-- Table structure for table `feedback`
--

CREATE TABLE IF NOT EXISTS `feedback` (
  `feedback_id` int(200) NOT NULL AUTO_INCREMENT,
  `name` varchar(100) NOT NULL,
  `email` varchar(100) NOT NULL,
  `message` varchar(1000) NOT NULL,
  PRIMARY KEY (`feedback_id`)
) ENGINE=InnoDB  DEFAULT CHARSET=latin1 AUTO_INCREMENT=5 ;

--
-- Dumping data for table `feedback`
--

INSERT INTO `feedback` (`feedback_id`, `name`, `email`, `message`) VALUES
(1, 'priyanka', 'priyanka@gmail.com', 'hay this web site is good '),
(2, 'ssssasa', 'hghgfhfg', 'bhvnv'),
(3, 'sanjay', 'sanju@gmail.com', 'hdjshdjshds'),
(4, '', '', '');

-- --------------------------------------------------------

--
-- Table structure for table `horoscope`
--

CREATE TABLE IF NOT EXISTS `horoscope` (
  `user_id` int(11) NOT NULL AUTO_INCREMENT,
  `from_id` int(11) DEFAULT NULL,
  `dob` date NOT NULL,
  `tob` int(11) NOT NULL,
  `country` text NOT NULL,
  `state` text NOT NULL,
  `city` text NOT NULL,
  `nakshatra` varchar(200) NOT NULL,
  `manglik` varchar(200) NOT NULL,
  `chart_style` text NOT NULL,
  `time_correction` text NOT NULL,
  PRIMARY KEY (`user_id`)
) ENGINE=InnoDB  DEFAULT CHARSET=latin1 AUTO_INCREMENT=14 ;

--
-- Dumping data for table `horoscope`
--

INSERT INTO `horoscope` (`user_id`, `from_id`, `dob`, `tob`, `country`, `state`, `city`, `nakshatra`, `manglik`, `chart_style`, `time_correction`) VALUES
(1, 201, '2015-04-09', 11, 'india', 'rajasthan', 'jaipur', 'rohini', 'yes', 'east indian', 'summer time'),
(2, 201, '2015-04-09', 11, 'india', 'rajasthan', 'jaipur', 'rohini', 'yes', 'east indian', 'summer time'),
(3, NULL, '0000-00-00', 11, 'India', 'Andaman and Nicobar', 'Agra', 'Aswini', 'Yes', 'East Indian', 'Standard time'),
(4, NULL, '1991-04-28', 11, 'USA', 'Andhra Pradesh', 'Ahmedabad', 'Bharani', 'No', 'South Indian', 'Summer time'),
(5, NULL, '1991-04-28', 11, 'USA', 'Andhra Pradesh', 'Ahmedabad', 'Bharani', 'No', 'South Indian', 'Summer time'),
(6, NULL, '1991-04-28', 11, 'USA', 'Andhra Pradesh', 'Agra', 'Bharani', 'No', 'South Indian', 'Summer time'),
(7, NULL, '1991-04-28', 11, 'USA', 'Andhra Pradesh', 'Agra', 'Bharani', 'No', 'South Indian', 'Summer time'),
(8, NULL, '1991-04-28', 11, 'USA', 'Andhra Pradesh', 'Agra', 'Bharani', 'No', 'South Indian', 'Summer time'),
(9, NULL, '1991-04-28', 11, 'USA', 'Andhra Pradesh', 'Agra', 'Bharani', 'No', 'South Indian', 'Summer time'),
(10, NULL, '0000-00-00', 11, 'USA', 'Andhra Pradesh', 'Ahmedabad', 'Bharani', 'No', 'South Indian', 'Summer time'),
(11, NULL, '1991-04-28', 11, 'India', 'Andaman and Nicobar', 'Agra', 'Aswini', 'Yes', 'East Indian', 'Standard time'),
(12, NULL, '1992-11-11', 222222, 'India', 'Uttar Pradesh', 'Lucknow', 'Rohini', 'No', 'North Indian', 'Summer time'),
(13, NULL, '1992-11-11', 222222, 'India', 'Uttar Pradesh', 'Lucknow', 'Rohini', 'No', 'North Indian', 'Summer time');

-- --------------------------------------------------------

--
-- Table structure for table `my_messages`
--

CREATE TABLE IF NOT EXISTS `my_messages` (
  `to_id` int(11) NOT NULL AUTO_INCREMENT,
  `from_id` int(11) NOT NULL,
  `my_messages` text NOT NULL,
  PRIMARY KEY (`to_id`)
) ENGINE=InnoDB  DEFAULT CHARSET=latin1 AUTO_INCREMENT=3 ;

--
-- Dumping data for table `my_messages`
--

INSERT INTO `my_messages` (`to_id`, `from_id`, `my_messages`) VALUES
(1, 27, 'hello how r u....'),
(2, 3, 'this is the best ...........');

-- --------------------------------------------------------

--
-- Table structure for table `other_details`
--

CREATE TABLE IF NOT EXISTS `other_details` (
  `user_id` int(11) NOT NULL,
  `hieght` varchar(50) DEFAULT NULL,
  `wieght` varchar(50) DEFAULT NULL,
  `built` text,
  `complexion` text,
  `eyeColor` text,
  `hairColor` text,
  `diet` text,
  `drink` text,
  `smoke` text,
  PRIMARY KEY (`user_id`)
) ENGINE=InnoDB DEFAULT CHARSET=latin1;

--
-- Dumping data for table `other_details`
--

INSERT INTO `other_details` (`user_id`, `hieght`, `wieght`, `built`, `complexion`, `eyeColor`, `hairColor`, `diet`, `drink`, `smoke`) VALUES
(25, '7 ft 3 inch', '60 kg', 'fat', 'fair', 'Brown', 'Brown', 'Non Vegeterian', 'Do not drink', 'Do not smoke'),
(26, '5 ft 3 inch', '48 kg', 'slim', 'very fair', 'Blue', 'Red', 'Vegeterian', 'Do not drink', 'Do not smoke'),
(27, '5 ft 2 inch', '74 kg', 'fat', 'Wheatish', 'Black', 'Black', 'Vegeterian', 'Sometimes', 'Do not smoke'),
(28, '3 ft 9 inch', '66 kg', 'Tall', 'fair', 'Black', 'Black', 'Vegeterian', 'Always', 'Always'),
(29, '3 ft 3 inch', '7 kg', 'little', 'Wheatish', 'Red', 'White', 'Non Vegeterian', 'Sometimes', 'Sometimes'),
(30, '4 ft 6 inch', '52 kg', 'slim', 'dark', 'Brown', 'White', 'Non Vegeterian', 'Sometimes', 'Sometimes'),
(31, '5 ft 6 inch', '52 kg', 'slim', 'fair', 'Black', 'Black', 'Non Vegeterian', 'Always', 'Always'),
(32, '5 ft 5 inch', '60 kg', 'fat', 'Wheatish', 'Blue', 'Brown', 'Non Vegeterian', 'Sometimes', 'Sometimes'),
(33, '4 ft 9 inch', '50 kg', 'Tall', 'fair', 'Black', 'Black', 'Non Vegeterian', 'Do not drink', 'Do not smoke'),
(34, '5 ft 5 inch', '55 kg', 'fat', 'fair', 'Brown', 'Brown', 'Non Vegeterian', 'Do not drink', 'Do not smoke'),
(35, '5 ft 9 inch', '65 kg', 'slim', 'fair', 'Black', 'Black', 'Non Vegeterian', 'Do not drink', 'Do not smoke'),
(36, '3 ft 2 inch', '8 kg', 'slim', 'fair', 'Brown', 'Brown', 'Non Vegeterian', 'Sometimes', 'Sometimes');

-- --------------------------------------------------------

--
-- Table structure for table `registration`
--

CREATE TABLE IF NOT EXISTS `registration` (
  `user_id` int(255) NOT NULL AUTO_INCREMENT,
  `email` varchar(100) DEFAULT NULL,
  `password` varchar(100) DEFAULT NULL,
  `profile` varchar(100) DEFAULT NULL,
  `name` varchar(100) DEFAULT NULL,
  `last_name` varchar(200) NOT NULL,
  `gender` varchar(100) DEFAULT NULL,
  `dob` varchar(100) DEFAULT NULL,
  `religion` varchar(100) DEFAULT NULL,
  `marital_status` varchar(200) NOT NULL,
  `caste` varchar(100) NOT NULL,
  `mothertongue` varchar(100) DEFAULT NULL,
  `mobile` varchar(100) DEFAULT NULL,
  `State` varchar(200) NOT NULL,
  `Path` varchar(500) NOT NULL,
  PRIMARY KEY (`user_id`)
) ENGINE=InnoDB  DEFAULT CHARSET=latin1 AUTO_INCREMENT=37 ;

--
-- Dumping data for table `registration`
--

INSERT INTO `registration` (`user_id`, `email`, `password`, `profile`, `name`, `last_name`, `gender`, `dob`, `religion`, `marital_status`, `caste`, `mothertongue`, `mobile`, `State`, `Path`) VALUES
(1, 'gargricha42@yahoo.in', '0', 'self', 'richa garg', '', 'Female', '24-02-1992', 'hindu', '', '', 'hindi', '2147483647', '', ''),
(2, 'gargpinki9@gmail.com', '0', 'self', 'pinki garg', '', 'Female', '01-01-1993', 'hindu', '', '', 'hindi', '2147483647', '', ''),
(25, 'sanjay@gmail.com', '22662266', 'Brother', 'sanjay', 'upadhyay', 'Male', '28/04/1991', 'Hindu', 'Unmarried', 'Agrawal', 'Assamese', '2147483647', 'Andhra Pradesh', 'uploade/ami111a.jpg'),
(26, 'jain27swati@gmail.com', 'swati', 'Self', 'swati', 'jain', 'Female', '27/10/1991', 'Jain', 'Unmarried', 'Jain', 'Hindi', '2147483647', 'Rajasthan', 'uploade/ATT00168.jpg'),
(27, 'shradhagiwal@gmail.com', '12345678', 'Self', 'Shradha', 'Agiwal', 'Female', '05/11/1988', 'Hindu', 'Unmarried', 'Agrawal', 'Hindi', '2147483647', 'Rajasthan', 'uploade/ATT00168.jpg'),
(28, 'pavan@gmail.com', '12345678', 'Self', 'pavan', 'kumar', 'Male', '09/9/1991', 'Hindu', 'Unmarried', 'Yadav', 'Hindi', '74746764', 'Uttar Pradesh', 'uploade/4350_Tinker_Bell.jpg'),
(29, 'rajendra@gmail.com', '12345', 'Self', 'rajendra ', 'gurjer', 'Male', '05/11/1988', 'Hindu', 'Unmarried', 'Others', 'Hindi', '2147483647', 'Rajasthan', 'uploade/aishwarya%20rai52v.jpg'),
(30, 'priya@gmail.com', '12345', 'Self', 'priya', 'singh', 'Female', '27/10/1991', 'Hindu', 'Unmarried', 'Rajput', 'Hindi', '74746764', 'Bihar', 'uploade/aishwarya%20rai60h.jpg'),
(31, 'neelamsharma1993@gmail.com', '12345', 'Self', 'neelam', 'sharma', 'Female', '18/11/1993', 'Hindu', 'Unmarried', 'Bhrahman', 'Hindi', '2147483647', 'Rajasthan', 'uploade/aishwarya%20rai55e.jpg'),
(32, 'rishi@gmail.com', '12345', 'Brother', 'rishi ', 'kant', 'Male', '09/9/1991', 'Sikh', 'Divorced', 'Rajput', 'Hindi', '2147483647', 'Uttar Pradesh', 'uploade/4.jpg'),
(33, 'puja@gmail.com', '12345', 'Self', 'puja', 'khandelwal', 'Female', '29/10/1993', 'Hindu', 'Unmarried', 'Others', 'Hindi', '2147483647', 'Rajasthan', 'uploade/aishwarya%20rai52v.jpg'),
(34, 'niraj@gmail.com', '12345', 'Brother', 'niraj', 'singh', 'Male', '09/9/1991', 'Hindu', 'Annueld', 'Rajput', 'Hindi', '2147483647', 'Uttar Pradesh', 'uploade/ash93.jpg'),
(35, 'abu@gmail.com', '12345', 'Self', 'abu', 'osama', 'Male', '05/06/1990', 'Muslim', 'Unmarried', 'Others', 'Hindi', '8386948226', 'Uttar Pradesh', 'uploade/ash107.jpg'),
(36, 'veeru@gmail.com', '12345', 'Self', 'veer', 'singh', 'Male', '28/04/1991', 'Sikh', 'Unmarried', 'Rajput', 'Hindi', '8386948226', 'Madhya Pradesh', 'uploade/aishwarya%20rai60h.jpg');

-- --------------------------------------------------------

--
-- Table structure for table `set_partner_profile`
--

CREATE TABLE IF NOT EXISTS `set_partner_profile` (
  `partnet_id` int(200) NOT NULL AUTO_INCREMENT,
  `dob` varchar(100) NOT NULL,
  `marital_status` varchar(100) NOT NULL,
  `religion` varchar(100) NOT NULL,
  `from_hight` varchar(50) NOT NULL,
  `to_hight` varchar(50) NOT NULL,
  `mother_tongue` varchar(100) NOT NULL,
  PRIMARY KEY (`partnet_id`)
) ENGINE=InnoDB  DEFAULT CHARSET=latin1 AUTO_INCREMENT=32 ;

--
-- Dumping data for table `set_partner_profile`
--

INSERT INTO `set_partner_profile` (`partnet_id`, `dob`, `marital_status`, `religion`, `from_hight`, `to_hight`, `mother_tongue`) VALUES
(1, '25', 'Annuled', 'Sikh', '4 ft 2 inch', '5 ft 1 inch', 'Kashmiri'),
(2, '26', 'Unmarried', 'Hindu', '4 ft 9 inch', '4 ft 8 inch', 'Konkani'),
(3, '1992', 'Unmarried', 'Hindu', '4 ft 6 inch', '5 ft 2 inch', 'Hindi'),
(4, '0', '', '', '', '', '--select mother tongue--'),
(5, '0', '', '', '', '', '--select mother tongue--'),
(6, '0', '', '', '', '', '--select mother tongue--'),
(7, '0', '', '', '', '', '--select mother tongue--'),
(8, '0', '', '', '', '', '--select mother tongue--'),
(9, '0', '', '', '', '', '--select mother tongue--'),
(10, '0', '', '', '', '', '--select mother tongue--'),
(11, '0', '', '', '', '', '--select mother tongue--'),
(12, '0', '', '', '', '', '--select mother tongue--'),
(13, '0', '', '', '', '', '--select mother tongue--'),
(14, '0', '', '', '', '', '--select mother tongue--'),
(15, '0', '', '', '', '', '--select mother tongue--'),
(16, '0', '', '', '', '', '--select mother tongue--'),
(17, '0', '', '', '', '', '--select mother tongue--'),
(29, '', '', '', '', '', ''),
(30, '1992/11/11', '', '', '', '', ''),
(31, '', '', '', '', '', '');

-- --------------------------------------------------------

--
-- Table structure for table `states`
--

CREATE TABLE IF NOT EXISTS `states` (
  `StateID` bigint(20) NOT NULL AUTO_INCREMENT,
  `CountryID` bigint(20) NOT NULL DEFAULT '0',
  `State` varchar(250) DEFAULT NULL,
  PRIMARY KEY (`StateID`)
) ENGINE=MyISAM  DEFAULT CHARSET=latin1 AUTO_INCREMENT=350 ;

--
-- Dumping data for table `states`
--

INSERT INTO `states` (`StateID`, `CountryID`, `State`) VALUES
(1, 1, 'Andaman and Nicobar'),
(2, 1, 'Andhra Pradesh'),
(3, 1, 'Arunachal Pradesh'),
(4, 1, 'Assam'),
(5, 1, 'Bihar'),
(6, 1, 'Chandigarh'),
(7, 1, 'Chhattisgarh'),
(8, 1, 'Dadra and Nagar Haveli'),
(9, 1, 'Daman and Diu'),
(10, 1, 'Delhi'),
(11, 1, 'Goa'),
(12, 1, 'Gujarat'),
(13, 1, 'Haryana'),
(14, 1, 'Himachal Pradesh'),
(15, 1, 'Jammu and Kashmir'),
(16, 1, 'Jharkhand'),
(17, 1, 'Karnataka'),
(18, 1, 'Kerala'),
(19, 1, 'Lakshadweep'),
(20, 1, 'Madhya Pradesh'),
(21, 1, 'Maharashtra'),
(22, 1, 'Manipur'),
(23, 1, 'Meghalaya'),
(24, 1, 'Mizoram'),
(25, 1, 'Nagaland'),
(26, 1, 'Orissa'),
(27, 1, 'Puducherry'),
(28, 1, 'Punjab'),
(29, 1, 'Rajasthan'),
(30, 1, 'Sikkim'),
(31, 1, 'Tamil Nadu'),
(32, 1, 'Tripura'),
(33, 1, 'Uttar Pradesh'),
(34, 1, 'Uttarakhand'),
(35, 1, 'West Benga'),
(36, 2, 'Alabama'),
(37, 2, 'Alaska'),
(38, 2, 'Arizona'),
(39, 2, 'Arkansas'),
(40, 2, 'California'),
(41, 2, 'Colorado'),
(42, 2, 'Connecticut'),
(43, 2, 'Delaware'),
(44, 2, 'District of Columbia'),
(45, 2, 'Florida'),
(46, 2, 'Georgia'),
(47, 2, 'Hawaii'),
(48, 2, 'Idaho'),
(49, 2, 'Illinois'),
(50, 2, 'Indiana'),
(51, 2, 'Iowa'),
(52, 2, 'Kansas'),
(53, 2, 'Kentucky'),
(54, 2, 'Louisiana'),
(55, 2, 'Maine'),
(56, 2, 'Maryland'),
(57, 2, 'Massachusetts'),
(58, 2, 'Michigan'),
(59, 2, 'Minnesota'),
(60, 2, 'Mississippi'),
(61, 2, 'Missouri'),
(62, 2, 'Montana'),
(63, 2, 'Nebraska'),
(64, 2, 'Nevada'),
(65, 2, 'New Hampshire'),
(66, 2, 'New Jersey'),
(67, 2, 'New Mexico'),
(68, 2, 'New York'),
(69, 2, 'North Carolina'),
(70, 2, 'North Dakota'),
(71, 2, 'Ohio'),
(72, 2, 'Oklahoma'),
(73, 2, 'Oregon'),
(74, 2, 'Pennsylvania'),
(75, 2, 'Rhode Island'),
(76, 2, ''),
(77, 2, 'South Carolina'),
(78, 2, 'South Carolina'),
(79, 2, 'South Dakota'),
(80, 2, 'Tennessee'),
(81, 2, 'Texas'),
(82, 2, 'Utah'),
(83, 2, 'Vermont'),
(84, 2, 'Virginia'),
(85, 2, 'Washington'),
(86, 2, 'West Virginia'),
(87, 2, 'Wisconsin'),
(88, 2, 'Wyoming'),
(89, 3, 'England'),
(90, 3, 'Northern Ireland'),
(91, 3, 'Scotland'),
(92, 3, 'Wales'),
(93, 4, 'Alberta'),
(94, 4, 'British Columbia'),
(95, 4, 'Labrado'),
(96, 4, 'Manitoba'),
(97, 4, 'New Brunswick'),
(98, 4, 'Newfoundland'),
(99, 4, 'Nova Scotia'),
(100, 4, 'Ontario'),
(101, 4, 'Prince Edward Island'),
(102, 4, 'Quebec'),
(103, 4, 'Saskatchewan'),
(104, 4, 'ACT'),
(105, 5, 'ACT'),
(106, 5, 'New South Wales'),
(107, 5, 'Northern Territory'),
(108, 5, 'Queensland'),
(109, 5, 'South Australia'),
(110, 5, 'Tasmania'),
(111, 5, 'Victoria'),
(112, 5, 'Western Australia'),
(113, 6, 'Albania'),
(114, 6, 'Andorra'),
(115, 6, 'Armenia'),
(116, 6, 'Austria'),
(117, 6, 'Belarus'),
(118, 6, 'Belgium'),
(119, 6, 'Bosnia'),
(120, 6, 'Bulgaria'),
(121, 6, 'Croatia'),
(122, 6, 'Cyprus'),
(123, 6, 'Czech Republic'),
(124, 6, 'Denmark'),
(125, 6, 'Estonia'),
(126, 6, 'Faroe Islands'),
(127, 6, 'Finland'),
(128, 6, 'France'),
(129, 6, 'Georgia'),
(130, 6, 'Germany'),
(131, 6, 'Gibraltar'),
(132, 6, 'Greece'),
(133, 6, 'Greenland'),
(134, 6, 'Holland'),
(135, 6, 'Hungary'),
(136, 6, 'Iceland'),
(137, 6, 'Ireland'),
(138, 6, 'Italy'),
(139, 6, 'Latvia'),
(140, 6, 'Liechtenstein'),
(141, 6, 'Lithuania'),
(142, 6, 'Luxembourg'),
(143, 6, 'Macedonia'),
(144, 6, 'Malta'),
(145, 6, 'Moldova'),
(146, 6, 'Monaco'),
(147, 6, 'Montenegro'),
(148, 6, 'Norway'),
(149, 6, 'Poland'),
(150, 6, 'Portugal'),
(151, 6, 'Romania'),
(152, 6, 'Russia'),
(153, 6, 'San Marino'),
(154, 6, 'Serbia'),
(155, 6, 'Slovakia'),
(156, 6, 'Slovenia'),
(157, 6, 'Spain'),
(158, 6, 'Svalbard'),
(159, 6, 'Sweden'),
(160, 6, 'Switzerland'),
(161, 6, 'Turkey'),
(162, 6, 'Ukraine'),
(163, 6, 'Vatican City'),
(164, 7, 'Afghanistan'),
(165, 7, 'Azerbaijan'),
(166, 7, 'Bangladesh'),
(167, 7, 'Bhutan'),
(168, 7, 'Brunei'),
(169, 7, 'Cambodia'),
(170, 7, 'China'),
(171, 7, 'Hong Kong'),
(172, 7, 'Indonesia'),
(173, 7, 'Japan'),
(174, 7, 'Kazakhstan'),
(175, 7, 'Kyrgyzstan'),
(176, 7, 'Laos'),
(177, 7, 'Macau'),
(178, 7, 'Malaysia'),
(179, 7, 'Maldives'),
(180, 7, 'Mongolia'),
(181, 7, 'Myanmar'),
(182, 7, 'Nepal'),
(183, 7, 'North Korea'),
(184, 7, 'Pakistan'),
(185, 7, 'Paracel Islands'),
(186, 7, 'Philippines'),
(187, 7, 'Singapore'),
(188, 7, 'South Korea'),
(189, 7, 'Spratly Islands'),
(190, 7, 'Sri Lanka'),
(191, 7, 'Taiwan'),
(192, 7, 'Tajikistan'),
(193, 7, 'Thailand'),
(194, 7, 'Turkey'),
(195, 7, 'Turkmenistan'),
(196, 7, 'Uzbekistan'),
(197, 7, 'Vietnam'),
(198, 8, 'Bahrain'),
(199, 8, 'Iran'),
(200, 8, 'Iraq'),
(201, 8, 'Israel'),
(202, 8, 'Jordan'),
(203, 8, 'Kuwait'),
(204, 8, 'Lebanon'),
(205, 8, 'Oman'),
(206, 8, 'Qatar'),
(207, 8, 'Saudi Arabia'),
(208, 8, 'Syria'),
(209, 8, 'UAE'),
(210, 8, 'West Bank'),
(211, 8, 'Yemen'),
(212, 9, 'Algeria'),
(213, 9, 'Angola'),
(214, 9, 'Benin'),
(215, 9, 'Botswana'),
(216, 9, 'Burkina Faso'),
(217, 9, 'Burundi'),
(218, 9, 'Cameroon'),
(219, 9, 'Cape Verde'),
(220, 9, 'Cen. Afr. Rep.'),
(221, 9, 'Chad'),
(222, 9, 'Comoros'),
(223, 9, 'Congo'),
(224, 9, 'Djibouti'),
(225, 9, 'Egypt'),
(226, 9, 'Eq. Guinea'),
(227, 9, 'Eritrea'),
(228, 9, 'Ethiopia'),
(229, 9, 'Gabon'),
(230, 9, 'Ghana'),
(231, 9, 'Guinea'),
(232, 9, 'Guinea Bissau'),
(233, 9, 'Ivory Coast'),
(234, 9, 'Kenya'),
(235, 9, 'Lesotho'),
(236, 9, 'Liberia'),
(237, 9, 'Libya'),
(238, 9, 'Madagascar'),
(239, 9, 'Malawi'),
(240, 9, 'Mali'),
(241, 9, 'Mauritania'),
(242, 9, 'Mauritius'),
(243, 9, 'Morocco'),
(244, 9, 'Mozambique'),
(245, 9, 'Namibia'),
(246, 9, 'Niger'),
(247, 9, 'Nigeria'),
(248, 9, 'Reunion'),
(249, 9, 'Rwanda'),
(250, 9, 'Saint Helena'),
(251, 9, 'Sao Tome'),
(252, 9, 'Senegal'),
(253, 9, 'Seychelles'),
(254, 9, 'Sierra Leone'),
(255, 9, 'Somalia'),
(256, 9, 'South Africa'),
(257, 9, 'Sudan'),
(258, 9, 'Swaziland'),
(259, 9, 'Tanzania'),
(260, 9, 'The Gambia'),
(261, 9, 'Togo'),
(262, 9, 'Tunisia'),
(263, 9, ''),
(264, 9, 'Uganda'),
(265, 9, 'W. Sahara'),
(266, 9, 'Zaire'),
(267, 9, 'Zambia'),
(268, 9, 'Zimbabwe'),
(269, 10, 'Anguilla'),
(270, 10, 'Antigua'),
(271, 10, 'Aruba'),
(272, 10, 'Bahamas'),
(273, 10, 'Barbados'),
(274, 10, 'Belize'),
(275, 10, 'Bermuda'),
(276, 10, 'British V.I.'),
(277, 10, 'Cayman Islands'),
(278, 10, 'Colombia'),
(279, 10, 'Costa Rica'),
(280, 10, 'Cuba'),
(281, 10, 'Dom. Republic'),
(282, 10, 'Dominica'),
(283, 10, 'Dutch Antilles'),
(284, 10, 'El Salvador'),
(285, 10, 'Grenada'),
(286, 10, 'Grenadines'),
(287, 10, 'Guadeloupe'),
(288, 10, 'Haiti'),
(289, 10, 'Jamaica'),
(290, 10, 'Martinique'),
(291, 10, 'Mexico'),
(292, 10, 'Panama'),
(293, 10, 'Puerto Rico'),
(294, 10, 'St. Barths'),
(295, 10, 'St. Kitts'),
(296, 10, 'St. Lucia'),
(297, 10, 'St. Martin'),
(298, 10, 'St. Vincent'),
(299, 10, 'Trinidad and Tobago'),
(300, 10, 'Turks and Caicos'),
(301, 10, 'US Virgin Islands'),
(302, 10, 'Venezuela'),
(303, 11, 'American Samoa'),
(304, 11, 'Cook Islands'),
(305, 11, 'East Timor'),
(306, 11, 'Fiji'),
(307, 11, 'French Polynesia'),
(308, 11, 'Guam'),
(309, 11, 'Kiribati'),
(310, 11, 'Mariana Islands'),
(311, 11, 'Marshall Islands'),
(312, 11, 'Micronesia'),
(313, 11, 'Nauru'),
(314, 11, 'New Caledonia'),
(315, 11, 'New Zealand'),
(316, 11, 'Palau'),
(317, 11, 'Pap. New Guinea'),
(318, 11, 'Pitcairn Islands'),
(319, 11, 'Samoa (Western)'),
(320, 11, 'Solomon Isles'),
(321, 11, 'Tokelau'),
(322, 11, 'Tonga'),
(323, 11, 'Tuvalu'),
(324, 11, 'Vanuatu'),
(325, 11, 'Wallis And Futuna'),
(326, 11, 'Argentina'),
(327, 11, 'Belize'),
(328, 12, 'Belize'),
(329, 12, 'Bolivia'),
(330, 12, 'Brazil'),
(331, 12, 'Chile'),
(332, 12, 'Colombia'),
(333, 12, 'Costa Rica'),
(334, 12, 'Ecuador'),
(335, 12, 'El Salvador'),
(336, 12, 'Falklands'),
(337, 12, 'Fr. Guiana'),
(338, 12, 'Guatemala'),
(339, 12, 'Guyana'),
(340, 12, 'Honduras'),
(341, 12, 'Mexico'),
(342, 12, 'Nicaragua'),
(343, 12, 'Panama'),
(344, 12, 'Paraguay'),
(345, 12, 'Peru'),
(346, 12, 'Sth. Georgia'),
(347, 12, 'Suriname'),
(348, 12, 'Uruguay'),
(349, 12, 'Venezuela');

-- --------------------------------------------------------

--
-- Table structure for table `sub community`
--

CREATE TABLE IF NOT EXISTS `sub community` (
  `sub_id` int(11) NOT NULL AUTO_INCREMENT,
  `community_id` int(11) NOT NULL,
  `sub_community_name` int(11) NOT NULL,
  PRIMARY KEY (`sub_id`)
) ENGINE=InnoDB DEFAULT CHARSET=latin1 AUTO_INCREMENT=1 ;

-- --------------------------------------------------------

--
-- Table structure for table `upload_image`
--

CREATE TABLE IF NOT EXISTS `upload_image` (
  `user_id` int(11) NOT NULL,
  `image_id` int(11) NOT NULL AUTO_INCREMENT,
  `image_path` varchar(200) DEFAULT NULL,
  `submission_date` date DEFAULT NULL,
  PRIMARY KEY (`image_id`)
) ENGINE=InnoDB  DEFAULT CHARSET=latin1 AUTO_INCREMENT=53 ;

--
-- Dumping data for table `upload_image`
--

INSERT INTO `upload_image` (`user_id`, `image_id`, `image_path`, `submission_date`) VALUES
(1, 47, 'uploads/1429770784.jpg', '2015-04-15'),
(22, 48, 'uploade/1430544574.jpg', '2015-05-02'),
(0, 49, 'uploade/1430602689.gif', '2015-05-02'),
(0, 50, 'uploade/1430602725.jpg', '2015-05-02'),
(24, 51, 'uploade/1430602849.jpg', '2015-05-02'),
(25, 52, 'uploade/1432282297.jpg', '2015-05-22');

/*!40101 SET CHARACTER_SET_CLIENT=@OLD_CHARACTER_SET_CLIENT */;
/*!40101 SET CHARACTER_SET_RESULTS=@OLD_CHARACTER_SET_RESULTS */;
/*!40101 SET COLLATION_CONNECTION=@OLD_COLLATION_CONNECTION */;
